{
  "version": "1.0.0",
  "server": {
    "port": 7999,
    "host": "0.0.0.0",
    "prefix": "",
    "reverse_proxy_mode": false
  },
  "logger": {
    "level": "INFO",
    "enable_console": true,
    "enable_file": true,
    "max_file_size": 10,
    "max_files": 5
  },
  "security": {
    "session_secret": "hmml-default-secret-key-please-change-in-production",
    "cors_enabled": true,
    "cors_origins": [
      "*"
    ],
    "max_request_size": "10mb"
  },
  "app": {
    "name": "HMML",
    "version": "1.0.0",
    "description": "Hello MaiMai Launcher Backend Service"
  }
}